{
  "project_info": {
    "project_number": "109140470372",
    "firebase_url": "https://result-management-nibm-default-rtdb.firebaseio.com",
    "project_id": "result-management-nibm",
    "storage_bucket": "result-management-nibm.appspot.com"
  },
  "client": [
    {
      "client_info": {
        "mobilesdk_app_id": "1:109140470372:android:4cf56fbdbdeb805582cd71",
        "android_client_info": {
          "package_name": "com.nibm.resultmanagement"
        }
      },
      "oauth_client": [
        {
          "client_id": "109140470372-fdqjavq441bltr2p0l2dllk94aoamira.apps.googleusercontent.com",
          "client_type": 3
        }
      ],
      "api_key": [
        {
          "current_key": "AIzaSyDs_SR8rd8yZnItYLVfGh7UDw405s_QUaE"
        }
      ],
      "services": {
        "appinvite_service": {
          "other_platform_oauth_client": [
            {
              "client_id": "109140470372-fdqjavq441bltr2p0l2dllk94aoamira.apps.googleusercontent.com",
              "client_type": 3
            }
          ]
        }
      }
    }
  ],
  "configuration_version": "1"
}